{"cameraMode":{"drawMode":0,"name":"Shaded","section":"Shading Mode"},"sceneLighting":true,"audioPlay":false,"sceneViewState":{"m_AlwaysRefresh":false,"showFog":true,"showSkybox":true,"showFlares":true,"showImageEffects":true,"showParticleSystems":true,"showVisualEffectGraphs":true,"m_FxEnabled":true},"in2DMode":false,"pivot":{"x":0.3321247696876526,"y":0.8125314712524414,"z":0.6062672734260559},"rotation":{"x":0.07916519790887833,"y":-0.07914064824581146,"z":0.006306354887783527,"w":0.9937278628349304},"size":0.10026849806308747,"orthographic":false}